"user_id","game_name","language","age","first_p_month","last_p_month","lt_days","lt_months","months_paid","transactions","ltv","u_status","churn_status"
"06RPvlsFPCmM9ag+iSM/Ag==",game 3,ru,34,2022-04-01,2022-11-01,237,8,8,13,227.79,Churned,
"0A5RkQrm+GBgG7KSFk/xhw==",game 3,uk,31,2022-05-01,2022-11-01,185,7,7,17,299.76,Churned,
"0afix9qVNfU3GJY1n0QGkw==",game 3,uk,25,2022-09-01,2022-10-01,31,2,2,3,45.51,Churned,
"0dJXy70SFjxVR6YgOPZzMQ==",game 3,uk,27,2022-11-01,2022-11-01,1,1,1,1,17.19,Churned,
"14RMzQMoG017OLkaDBFjng==",game 3,uk,36,2022-07-01,2022-11-01,136,5,2,2,27.18,Churned,Returned
"1BBMagZRq/39AV1l2rm4Iw==",game 3,ru,23,2022-08-01,2022-11-01,112,4,4,14,327.78,Churned,
"1dvc3uv3gFy83YY5oJeFkQ==",game 3,uk,17,2022-08-01,2022-08-01,11,1,1,2,45.93,Churned,
"1jx1AjqUwE9sbCyafQnUNQ==",game 3,ru,25,2022-06-01,2022-12-01,193,7,7,11,212.79,Active,
"1KzlDBp5hORL7Y5PBaB+0g==",game 3,uk,22,2022-09-01,2022-12-01,89,4,4,10,220.38,Active,
"1tIsLi6U0zW1RIuaViNanA==",game 3,uk,20,2022-09-01,2022-12-01,86,4,4,5,150.24,Active,
"29qvbD06oXdmg5G7X/Wigw==",game 3,uk,17,2022-12-01,2022-12-01,1,1,1,1,24.51,Active,
"2be8IOVjt9pzDDEVqZwIKQ==",game 3,ru,25,2022-10-01,2022-12-01,49,3,2,4,96.96,Active,Returned
"2FYEYdoJMUOtbJ6TruruWA==",game 3,ru,20,2022-04-01,2022-12-01,239,9,8,10,234.78,Active,Returned
"2KL9Q4TKLCcD4cngwhx6Dg==",game 3,ru,18,2022-09-01,2022-11-01,49,3,3,5,94.92,Churned,
"2onLVyXEEj2aH+D4N9ldYQ==",game 3,uk,16,2022-08-01,2022-12-01,136,5,4,12,221.82,Active,Returned
"2Tm77AxZ7h7oCNKgCgMpnQ==",game 3,uk,23,2022-04-01,2022-11-01,229,8,7,11,240.45,Churned,Returned
"3iITAz/ADjFv3PDTgTjxSg==",game 3,ru,16,2022-03-01,2022-09-01,166,7,7,16,321.60,Churned,
"3KHhqZr7/1n2+bTP13WuXA==",game 3,uk,16,2022-06-01,2022-10-01,144,5,4,9,172.53,Churned,Returned
"3KSfEl7FcP/+5FSUNXs5Aw==",game 3,ru,28,2022-10-01,2022-10-01,1,1,1,1,23.31,Churned,
"3OXz+Ar2gN+zfGLZTRCVMQ==",game 3,uk,16,2022-12-01,2022-12-01,1,1,1,1,18.9,Active,
"3rCdNEPkh3vwmYB0BVadEw==",game 3,ru,27,2022-05-01,2022-08-01,88,4,3,3,62.07,Churned,Returned
"3TfpxDVNF0T+g4S60EOCBw==",game 3,uk,28,2022-11-01,2022-11-01,1,1,1,1,15.27,Churned,
"3v8rT35Ra6ui/zatnMoTIw==",game 3,uk,28,2022-11-01,2022-12-01,53,2,2,4,61.47,Active,
"3Whh6FLR1MSfsuHKVdCEYQ==",game 3,uk,21,2022-04-01,2022-12-01,253,9,7,10,171.57,Active,Returned
"3Xuq0acIoGEgw19qflIoog==",game 3,uk,25,2022-06-01,2022-10-01,125,5,5,8,139.50,Churned,
"4b7l8C489HEJirtoe7xtFg==",game 3,uk,20,2022-03-01,2022-12-01,275,10,9,16,268.41,Active,Returned
"4btLP2zvi8eBV0t08fdkKQ==",game 3,ru,20,2022-03-01,2022-12-01,261,10,8,21,467.37,Active,Returned
"4EiWC2ewiX2A7i9NuBAefQ==",game 3,uk,18,2022-09-01,2022-11-01,41,3,3,6,105.87,Churned,
"4oH5e29koOH9zNYW8Kwcsg==",game 3,uk,28,2022-05-01,2022-08-01,81,4,3,3,43.56,Churned,Returned
"4pssft0TgDfiQexjbe25lw==",game 3,ru,26,2022-06-01,2022-11-01,167,6,4,8,126.39,Churned,Returned
"54ouP7lBhVCeV8ftS1Oj4Q==",game 3,ru,21,2022-11-01,2022-12-01,31,2,2,3,57.45,Active,
"5a/eDajN+4bJdigfI5TWoQ==",game 3,ru,17,2022-07-01,2022-07-01,1,1,1,1,12.87,Churned,
"5fGaUgWk82R8c6U6A5d9pg==",game 3,uk,31,2022-12-01,2022-12-01,1,1,1,1,17.28,Active,
"5n2VR2SS79K3vJ0/V2A8RQ==",game 3,ru,27,2022-08-01,2022-09-01,40,2,2,5,79.17,Churned,
"6NexxpTuLaFmuoksJ0l8rg==",game 3,uk,24,2022-10-01,2022-12-01,53,3,2,6,122.01,Active,Returned
"6We7zBO7mVbNxGEl/xPKVg==",game 3,uk,19,2022-05-01,2022-12-01,215,8,8,19,556.86,Active,
/70HXakPPmIGA9K58CIOug==,game 3,uk,18,2022-10-01,2022-11-01,19,2,2,2,27.99,Churned,
"72brUr/DKItStlTen5pHYg==",game 3,uk,24,2022-03-01,2022-11-01,227,9,8,13,262.56,Churned,Returned
"75lEf3nSWLSf6GncqhR9gQ==",game 3,ru,22,2022-03-01,2022-09-01,178,7,6,16,288.21,Churned,Returned
"787jk0VnxM8/sv/0TkvO6A==",game 3,uk,20,2022-03-01,2022-12-01,270,10,10,22,470.73,Active,
"7BqUeLmbiug63XrWs2+ZQQ==",game 3,ru,15,2022-07-01,2022-12-01,172,6,6,13,284.97,Active,
"7Em69vKH6zh6HgArCzG0+w==",game 3,ru,17,2022-12-01,2022-12-01,16,1,1,3,72.18,Active,
"7EPlnA7OQ9MhMx+od6FA9g==",game 3,ru,23,2022-03-01,2022-12-01,294,10,7,19,440.16,Active,Returned
"7ew71UmoMb73L41PM/YL/w==",game 3,uk,17,2022-05-01,2022-11-01,174,7,7,12,235.83,Churned,
"7GCGwypiXsxGxetp6/KmnA==",game 3,uk,31,2022-08-01,2022-11-01,103,4,3,8,138.51,Churned,Returned
"7GE5h/3N3lcro3K9T3aujw==",game 3,ru,32,2022-03-01,2022-10-01,215,8,8,31,722.67,Churned,
"7iS0Md8Z5SFpqNAYOVcs4w==",game 3,uk,18,2022-12-01,2022-12-01,2,1,1,2,68.64,Active,
"7L4SKPGMd33lnSOq6PWyYg==",game 3,uk,30,2022-12-01,2022-12-01,20,1,1,4,70.14,Active,
"7luG+f1d+Ri4AjeMbFR1Xw==",game 3,uk,29,2022-04-01,2022-09-01,131,6,2,2,31.98,Churned,Returned
"7RkS5ikrXwWByJobMXv2sA==",game 3,ru,21,2022-10-01,2022-12-01,60,3,3,7,180.57,Active,
"7SeM1pmnTTTXfhI+x3ldng==",game 3,ru,22,2022-03-01,2022-12-01,279,10,9,20,501.48,Active,Returned
"7vnYIRqjBNlAyBbtPg02tQ==",game 3,uk,21,2022-07-01,2022-12-01,159,6,6,19,415.92,Active,
"7YaJfLI3RPGUEN2esrQxsQ==",game 3,ru,15,2022-09-01,2022-12-01,90,4,2,2,61.95,Active,Returned
"7zai/c69uF/NhB95HgKuYw==",game 3,uk,16,2022-07-01,2022-11-01,131,5,5,14,249.69,Churned,
"7zbxKst2yi3pfdVI8iEChw==",game 3,ru,15,2022-04-01,2022-12-01,260,9,4,4,67.71,Active,Returned
"8ncYOMYXeKDelzX40EnuLA==",game 3,uk,19,2022-07-01,2022-12-01,180,6,5,21,432.84,Active,Returned
"8TTRdxncZg7Nl0tvfwsZng==",game 3,uk,30,2022-05-01,2022-05-01,1,1,1,1,14.25,Churned,
"99X4aLWWjAIgmlXjrXQIgg==",game 3,ru,22,2022-03-01,2022-03-01,1,1,1,1,16.98,Churned,
"9I0ppB2UxsJPIO8BpHQfEw==",game 3,uk,26,2022-10-01,2022-11-01,24,2,2,3,42.93,Churned,
"9IWUQ1iWPfYSSN2tWuVqMQ==",game 3,ru,24,2022-05-01,2022-12-01,222,8,8,19,402.24,Active,
"9U26VpwYC1aliSUokeNK6A==",game 3,uk,34,2022-11-01,2022-12-01,31,2,2,4,67.41,Active,
A1qVjssGQ+ZUWZu3Z5DzTA==,game 3,uk,24,2022-03-01,2022-10-01,238,8,7,17,331.26,Churned,Returned
A6QTeGOKjaGkGkRCFqNybw==,game 3,ru,33,2022-08-01,2022-08-01,28,1,1,3,43.86,Churned,
A8lK1Lccnv65sGqBkfP2iw==,game 3,uk,15,2022-12-01,2022-12-01,1,1,1,1,16.08,Active,
ABuPH1LovAomZwU+2iw0Lw==,game 3,uk,18,2022-08-01,2022-12-01,149,5,4,13,223.65,Active,Returned
an5Xsrpir8vvhTb50gnppQ==,game 3,uk,43,2022-05-01,2022-05-01,1,1,1,1,15.51,Churned,
An7gG7hfETivAjfokQv3Ww==,game 3,uk,23,2022-07-01,2022-12-01,140,6,6,12,281.34,Active,
AN9at3LlvDamqXq8dvHD4w==,game 3,ru,24,2022-03-01,2022-12-01,295,10,10,21,455.70,Active,
/ANyXfGUGtUS/bPw0/nW/w==,game 3,uk,28,2022-11-01,2022-11-01,2,1,1,2,33.06,Churned,
aQDvOXzsDAJWi3Y47ptRPg==,game 3,ru,20,2022-04-01,2022-06-01,40,3,3,4,73.59,Churned,
aujnuJ9eBYK+yGF15TtUkw==,game 2,en,35,2022-09-01,2022-10-01,48,2,2,3,46.26,Churned,
AuJNw7SH8b7lM4j46bNr8A==,game 3,en,28,2022-09-01,2022-12-01,78,4,4,9,199.86,Active,
+Awa0l8QDZ6iKBSRiA6dRQ==,game 3,ru,16,2022-10-01,2022-11-01,34,2,2,4,112.98,Churned,
b3TBQFxyCxxypmPajF+jXw==,game 3,uk,15,2022-03-01,2022-06-01,76,4,4,8,128.79,Churned,
B4b6v6eUHvAVOeAQk6EEiw==,game 3,ru,23,2022-03-01,2022-12-01,256,10,8,19,385.41,Active,Returned
B4tGKx0IrkPGAUEnO6mMNA==,game 3,uk,19,2022-11-01,2022-12-01,10,2,2,4,69.45,Active,
b6lW5fOrJiJUE7dwhEp9VQ==,game 3,ru,17,2022-05-01,2022-12-01,243,8,8,17,432.60,Active,
B7ziVc7jLVg/+snNIp3hLQ==,game 3,uk,19,2022-07-01,2022-07-01,1,1,1,1,13.71,Churned,
b85g/xLxpBpMH/joxym4fA==,game 3,uk,28,2022-11-01,2022-11-01,20,1,1,2,26.94,Churned,
B8zuTsAC2iJ98u2nlv/fUw==,game 3,uk,21,2022-05-01,2022-10-01,164,6,2,5,96.24,Churned,Returned
BbnuW+2kIgxo7dxg5BBIeQ==,game 3,ru,17,2022-10-01,2022-12-01,72,3,3,10,211.56,Active,
bBOj8UKjraXzMIPrGBdCrQ==,game 3,uk,28,2022-08-01,2022-12-01,120,5,5,8,124.05,Active,
Bcs3CbYx2EpbL9otxlEUmg==,game 3,uk,18,2022-03-01,2022-10-01,238,8,7,24,504.15,Churned,Returned
BDvlXttM/hbupcLic+5ZWg==,game 3,uk,29,2022-05-01,2022-12-01,204,8,7,12,199.98,Active,Returned
BE42Fj9cBAbbch80IpA8Dw==,game 3,uk,30,2022-09-01,2022-11-01,77,3,3,7,116.31,Churned,
bF11PeUgiQ6ebhHTaDNDJA==,game 3,ru,33,2022-10-01,2022-10-01,1,1,1,1,18.78,Churned,
BH4aptg763J0WNnw0OS9hw==,game 3,ru,18,2022-07-01,2022-07-01,1,1,1,1,15.21,Churned,
BJlqmsfEshc/QjsD7VgEjg==,game 3,ru,18,2022-04-01,2022-09-01,144,6,3,9,165.93,Churned,Returned
BLnx9pj0y+SVkckLR/01qw==,game 3,uk,25,2022-09-01,2022-12-01,105,4,4,10,185.04,Active,
BOcGlFXXESDUbttxDzQIQw==,game 3,uk,32,2022-08-01,2022-12-01,126,5,5,17,290.19,Active,
BTD3ZjLKfkT6ZRBT9zRwtg==,game 3,uk,14,2022-05-01,2022-12-01,211,8,7,16,264.96,Active,Returned
bZDMuXKM3RFajmZa/yIpsw==,game 3,uk,23,2022-09-01,2022-12-01,100,4,3,7,186.96,Active,Returned
c5qsNfxhW80Ws3aBXDa1nA==,game 3,uk,18,2022-08-01,2022-12-01,129,5,5,10,211.20,Active,
C6w5XTf8lIfc+VFmC7/bVw==,game 3,uk,40,2022-07-01,2022-12-01,150,6,3,3,69.30,Active,Returned
Cabfx2Uhcg6oOXYHLUa+rg==,game 3,uk,15,2022-10-01,2022-10-01,1,1,1,1,18.84,Churned,
CCwTMcGtpirFFuqzSeTyaQ==,game 3,uk,18,2022-03-01,2022-04-01,34,2,2,2,36.60,Churned,
cDaRA0l0GtU4VtTO/DSe1g==,game 3,uk,21,2022-11-01,2022-11-01,23,1,1,2,33.33,Churned,
cf1ykPUohKTUjtI6cAMhVw==,game 2,ru,21,2022-10-01,2022-10-01,1,1,1,1,12.24,Churned,
cf5XFmP0Lfqw6irFBYfWwQ==,game 3,uk,19,2022-11-01,2022-12-01,34,2,2,3,53.28,Active,
CfgvA7ntuRJL/qdscwgMVw==,game 3,ru,24,2022-09-01,2022-12-01,107,4,3,8,160.38,Active,Returned
cjAwQwy//1xm2O5pNRveqw==,game 3,ru,22,2022-10-01,2022-12-01,60,3,3,7,171.15,Active,
cOCixiBbcAHemYgbNdoTcw==,game 3,uk,20,2022-07-01,2022-12-01,153,6,5,11,275.01,Active,Returned
cp2QvW7HEEyNYKZRQ+RvyA==,game 3,uk,14,2022-12-01,2022-12-01,15,1,1,2,38.10,Active,
crKNTIblJ0113SKEtSJQHw==,game 3,uk,16,2022-05-01,2022-12-01,220,8,8,21,423.36,Active,
cv6g2/jSkR+FwO58WY85DQ==,game 3,uk,20,2022-08-01,2022-12-01,131,5,4,5,133.77,Active,Returned
D0sawvsyqnyUMXNy+aXo7Q==,game 3,uk,19,2022-10-01,2022-12-01,83,3,2,6,120.87,Active,Returned
d7kiN4CYGndV2/L4yQeZ4g==,game 3,ru,19,2022-08-01,2022-12-01,136,5,5,14,289.17,Active,
D9Bdgp+w/syZMU61LudzFQ==,game 3,uk,19,2022-08-01,2022-09-01,41,2,2,2,37.47,Churned,
dAiAPbpgrBYKg4Rn7nbu4g==,game 3,uk,34,2022-11-01,2022-11-01,1,1,1,1,20.85,Churned,
DAMO0tILVRlXZhYONdvs0Q==,game 3,uk,15,2022-06-01,2022-10-01,145,5,5,14,279.84,Churned,
Dbff3x5cRk6/tUY3WQdzFQ==,game 3,uk,21,2022-04-01,2022-09-01,176,6,6,14,335.76,Churned,
DcYWdg5xq9/5Yd7SaaVhZw==,game 3,uk,32,2022-08-01,2022-11-01,85,4,3,4,62.46,Churned,Returned
DorDcyqBWMg5IEaflqn5Xw==,game 3,ru,23,2022-04-01,2022-12-01,269,9,6,15,257.76,Active,Returned
dp8g3Zsy2hCfov8GumRuWg==,game 3,ru,19,2022-06-01,2022-06-01,1,1,1,1,13.89,Churned,
dpfu6t8G4blqMn55KM8bSg==,game 3,uk,16,2022-04-01,2022-11-01,192,8,8,19,400.32,Churned,
dQAFHVkiiCKfawYALbHZeA==,game 3,uk,26,2022-07-01,2022-10-01,80,4,3,3,49.02,Churned,Returned
DqezK7HAqZ+GovyRuzxD1A==,game 3,uk,23,2022-04-01,2022-07-01,102,4,4,13,362.34,Churned,
dSGXNzIxO3joRVr1Eem+WQ==,game 3,uk,29,2022-09-01,2022-10-01,22,2,2,2,28.95,Churned,
dUXVADLWvf2uvh+Q6TNrMw==,game 3,ru,19,2022-07-01,2022-12-01,176,6,4,12,190.32,Active,Returned
dVTYjVpXbOM/sOgCq4CV0g==,game 3,uk,25,2022-08-01,2022-12-01,121,5,5,12,271.29,Active,
dxXTsxsoGNYPn+1rVBAUww==,game 3,uk,33,2022-08-01,2022-10-01,60,3,3,3,48.24,Churned,
e/6IajqZ922YY1rh2ErMJQ==,game 3,en,25,2022-06-01,2022-12-01,191,7,7,36,876.60,Active,
e6LTrwXMl/v1epsRPDa9Fg==,game 2,uk,30,2022-12-01,2022-12-01,1,1,1,1,15.93,Active,
eCd4MBHIR4qUWapg05TFLQ==,game 3,ru,18,2022-04-01,2022-11-01,218,8,8,12,242.04,Churned,
Ej00UDBb0OBlQliAnSIp+g==,game 3,uk,15,2022-09-01,2022-09-01,7,1,1,2,42.54,Churned,
eLWkkjmSeHVGjb9tp+CJpQ==,game 3,uk,19,2022-07-01,2022-09-01,62,3,3,6,115.74,Churned,
eoqO46DzxSrKA2rredUNyQ==,game 3,uk,24,2022-06-01,2022-10-01,125,5,5,16,320.94,Churned,
EPRgsEIjWdzmRbzsHZ48zg==,game 3,uk,25,2022-09-01,2022-12-01,117,4,4,11,266.58,Active,
er3/fOrRpmyqiRaC0CaFcg==,game 3,uk,21,2022-05-01,2022-12-01,218,8,7,16,412.17,Active,Returned
F03P4YcFbbtcWUlujjIQmQ==,game 3,ru,20,2022-07-01,2022-12-01,159,6,6,22,392.49,Active,
F7cC4XEymgoRKeijWu63+w==,game 3,uk,16,2022-12-01,2022-12-01,1,1,1,1,24.33,Active,
f9cWBjiN4c8lXAkBhdqK6Q==,game 3,uk,21,2022-09-01,2022-11-01,56,3,3,7,189.30,Churned,
F9Jtg6+0qPUKWDgBJxG8cA==,game 3,ru,18,2022-04-01,2022-11-01,197,8,5,9,221.64,Churned,Returned
FbbhrtuL39vfmatF2ObVfA==,game 3,uk,16,2022-09-01,2022-12-01,95,4,4,12,284.22,Active,
fCdEizmUtnjNYQLbx81H8g==,game 3,ru,16,2022-04-01,2022-04-01,1,1,1,1,18.12,Churned,
fDgyPW0yy0+9ietMvl0vmA==,game 3,ru,18,2022-06-01,2022-11-01,168,6,4,9,152.97,Churned,Returned
FfphIhReAA2romBynjqxqw==,game 3,uk,19,2022-09-01,2022-09-01,14,1,1,3,70.80,Churned,
fFqrZjaytcDUnW57W7PRJA==,game 3,uk,22,2022-12-01,2022-12-01,25,1,1,3,76.14,Active,
FgwYf9VO+gnaxZ7EXY0CkQ==,game 3,uk,39,2022-09-01,2022-11-01,47,3,2,2,28.17,Churned,Returned
fH7uxifYBCx0TULRrcqajg==,game 3,uk,23,2022-11-01,2022-12-01,41,2,2,2,33.87,Active,
FLqAK4qKiMkvlLBgGwbBnQ==,game 3,ru,31,2022-05-01,2022-10-01,149,6,4,9,138.39,Churned,Returned
FnaqKQlPHm2pH1+S+K+Gfg==,game 3,uk,19,2022-10-01,2022-12-01,45,3,3,4,76.53,Active,
fNc4x9raJu2OBcbtEloM7A==,game 3,ru,35,2022-08-01,2022-08-01,1,1,1,1,15.84,Churned,
fq8oNQ55zdVqL3GK0IjuYg==,game 3,uk,25,2022-10-01,2022-10-01,8,1,1,2,31.74,Churned,
Fqu+/F0rn1G4YP3f3yHA1Q==,game 3,uk,21,2022-04-01,2022-12-01,261,9,7,9,198.33,Active,Returned
fuL+cD0zV6Gn4ypTYmXUgw==,game 3,uk,16,2022-07-01,2022-12-01,143,6,6,19,397.95,Active,
fvYhEtD56gROaXqCi9/z/Q==,game 3,uk,19,2022-07-01,2022-12-01,176,6,6,22,552.51,Active,
Fx9+2aYPOHAS3fdXpLQ9Pg==,game 3,ru,35,2022-03-01,2022-05-01,50,3,2,3,44.10,Churned,Returned
fXlo39/YD2z9SEVShTXp6w==,game 3,uk,34,2022-05-01,2022-05-01,1,1,1,1,17.34,Churned,
G073LR6lQoatStpZMzNVOQ==,game 3,uk,25,2022-09-01,2022-12-01,95,4,4,10,235.77,Active,
G9053rs6jbKItKUhrUdLew==,game 3,uk,27,2022-07-01,2022-12-01,130,6,5,12,275.04,Active,Returned
GEAVJz1gd3SThbDZR01fcA==,game 3,uk,14,2022-04-01,2022-10-01,191,7,6,13,333.36,Churned,Returned
geIiJ1L04w2qAE0qzQUb2g==,game 3,uk,23,2022-06-01,2022-11-01,143,6,6,13,270.12,Churned,
GeLWEsTiQ25xFxDGxLyEJg==,game 3,uk,26,2022-12-01,2022-12-01,1,1,1,1,16.5,Active,
GetHmCsisRTAnwhuBEMa9Q==,game 3,ru,16,2022-11-01,2022-12-01,51,2,2,10,279.93,Active,
Ghk2iJmzSUW4qLsmJgwOcw==,game 3,uk,16,2022-03-01,2022-12-01,279,10,9,32,696.72,Active,Returned
GjL6ipu28pHPFxZJPuplNQ==,game 3,uk,28,2022-08-01,2022-08-01,1,1,1,1,16.44,Churned,
GOl6BQXsy0zvbvIWIoKEQw==,game 3,ru,18,2022-05-01,2022-11-01,193,7,6,18,467.07,Churned,Returned
G+PCL1Jo+k4D3zpLGa3+aQ==,game 3,uk,25,2022-09-01,2022-12-01,91,4,4,6,116.88,Active,
gPRMy8HkmaiyX+13OxuP/A==,game 3,ru,21,2022-04-01,2022-11-01,217,8,8,15,343.20,Churned,
Grpkzd4XIHh+ZbTMNxnUGg==,game 3,ru,30,2022-04-01,2022-10-01,194,7,4,6,109.08,Churned,Returned
gT0iqDKuIXNm4ceMd9eZ1A==,game 3,uk,20,2022-07-01,2022-12-01,153,6,6,14,310.26,Active,
GUNmu9bjwltT1/vYgzDEDQ==,game 3,uk,16,2022-06-01,2022-06-01,1,1,1,1,13.56,Churned,
gxZPbCoYIu8slavUm05KGA==,game 3,ru,14,2022-08-01,2022-12-01,125,5,5,7,147.57,Active,
H2Tik+BqoLgAQX4uSw/8vA==,game 3,uk,30,2022-04-01,2022-09-01,151,6,5,7,122.49,Churned,Returned
H44DjZG42orzuBXLai7JkA==,game 3,ru,29,2022-03-01,2022-03-01,1,1,1,1,13.32,Churned,
Hamw6F2EZmJfI2glmE2NEg==,game 3,ru,24,2022-04-01,2022-11-01,208,8,8,13,242.97,Churned,
hi1ErLiMLDP0HWvMqLKv6g==,game 3,ru,18,2022-07-01,2022-12-01,162,6,6,20,429.54,Active,
HJccOn6v5KHqBa8wRu42oQ==,game 3,uk,20,2022-03-01,2022-09-01,200,7,4,5,99.78,Churned,Returned
hJC/g1L2PFnPlGoqsvD2/g==,game 3,ru,26,2022-10-01,2022-11-01,36,2,2,4,65.88,Churned,
HjI8n/FVfaGZ4bIEwrZPGw==,game 3,ru,29,2022-06-01,2022-06-01,11,1,1,2,31.80,Churned,
hkNuy6dTFIFcsQQfT5YkwQ==,game 3,uk,21,2022-04-01,2022-04-01,1,1,1,1,20.25,Churned,
HQB3hZuYcu0z8jVIl5bbug==,game 3,uk,17,2022-10-01,2022-12-01,68,3,3,5,96.87,Active,
HRBsRwGu5mkTvZBTNpA0tQ==,game 3,ru,17,2022-04-01,2022-05-01,51,2,2,4,80.49,Churned,
hRkRI5YBVIH6bbqIDTbung==,game 3,uk,19,2022-04-01,2022-05-01,38,2,2,4,83.70,Churned,
hvvcK5gx+FdZE6DZA3df+Q==,game 3,uk,29,2022-07-01,2022-07-01,1,1,1,1,13.92,Churned,
HWpnvfSvYzUsQCcCKhetIg==,game 3,uk,19,2022-07-01,2022-12-01,145,6,6,17,399.60,Active,
HxWcXHURvvtOJkrXAcDxQg==,game 3,uk,15,2022-03-01,2022-12-01,301,10,10,26,612.63,Active,
hZgZSp9Xf7/Bsye+tOipCA==,game 3,ru,19,2022-12-01,2022-12-01,12,1,1,3,62.82,Active,
HZqx1XVZ1mb7lM9T61x+DA==,game 3,ru,43,2022-04-01,2022-11-01,202,8,3,3,41.94,Churned,Returned
i0Pv5hwwYBxiPeCQ/AmnxQ==,game 3,ru,17,2022-12-01,2022-12-01,25,1,1,3,62.61,Active,
I8yTxTfERu6jtLOfWB0dFQ==,game 3,ru,33,2022-09-01,2022-09-01,4,1,1,2,43.29,Churned,
ICBVvRc9TR+qF7IoBfEWsQ==,game 3,uk,18,2022-08-01,2022-11-01,88,4,4,10,198.99,Churned,
IdKyooyTjAbvCA7p+ujKCw==,game 3,uk,19,2022-05-01,2022-12-01,226,8,6,22,483.54,Active,Returned
iFFApiXZ2wPdS666BLpKZw==,game 3,uk,18,2022-03-01,2022-10-01,191,8,7,12,248.28,Churned,Returned
iFnn4bfYgNs8OS5MCcLjeA==,game 3,uk,28,2022-04-01,2022-11-01,199,8,5,8,144.48,Churned,Returned
iG1GfeiUaaoT1pZksh8QKw==,game 3,uk,39,2022-11-01,2022-11-01,1,1,1,1,13.65,Churned,
iIytnKqiHLJVVoC/S4HgPQ==,game 3,ru,24,2022-07-01,2022-07-01,1,1,1,1,12.51,Churned,
ildaqkizLaFesmkjCvlzmQ==,game 3,uk,24,2022-06-01,2022-11-01,147,6,5,10,192.15,Churned,Returned
ilnMSoPJHAYMegDX02XG+w==,game 3,uk,25,2022-04-01,2022-05-01,39,2,2,5,118.89,Churned,
IS/yKhM20myJT0Ua+1Rk1w==,game 1,uk,26,2022-11-01,2022-11-01,18,1,1,2,30.54,Churned,
iw2tiT4Ar7pk2PlF0Jd6Yw==,game 3,ru,25,2022-12-01,2022-12-01,3,1,1,3,78.00,Active,
J6WNl39fdxaY8ZtvV8wNkw==,game 3,uk,18,2022-03-01,2022-06-01,96,4,4,5,101.40,Churned,
JBV4ilPNTtWevrqq146kyg==,game 3,uk,43,2022-06-01,2022-07-01,20,2,2,3,50.97,Churned,
jKSOgyMP0Yzld1pVpvyYrg==,game 3,uk,36,2022-05-01,2022-11-01,178,7,3,4,53.97,Churned,Returned
jM8s8LsWXTBSKnIgg7UVjQ==,game 3,uk,30,2022-12-01,2022-12-01,1,1,1,1,12.6,Active,
Jp0hnV9XOJGVV5jpFhlqgQ==,game 3,uk,25,2022-03-01,2022-11-01,269,9,7,20,422.28,Churned,Returned
jQW6YmVUlZdePPY7F9NgMg==,game 3,uk,30,2022-09-01,2022-11-01,52,3,3,7,111.36,Churned,
juwM8fLyplCQTgKTP8dJgQ==,game 3,ru,34,2022-07-01,2022-11-01,124,5,5,9,150.93,Churned,
jVhb69DTRT5TSWYEiUrlbg==,game 3,uk,20,2022-03-01,2022-12-01,267,10,10,20,443.16,Active,
JZddlB04roDQYT2zrRPBcA==,game 3,uk,44,2022-08-01,2022-08-01,1,1,1,1,12.45,Churned,
K5c4Zypq0/6iQYmv/Dqm5A==,game 3,uk,21,2022-10-01,2022-11-01,20,2,2,2,43.08,Churned,
K/6KHxREKTlFZXRfBNVNuQ==,game 3,ru,19,2022-04-01,2022-10-01,184,7,6,8,155.79,Churned,Returned
kAGCRMpNBghYDdEZ7r3Ptg==,game 2,en,31,2022-08-01,2022-08-01,1,1,1,1,12.93,Churned,
KFO5m0KyIyGE1D5YZHC8Wg==,game 1,uk,21,2022-10-01,2022-10-01,9,1,1,2,25.71,Churned,
kGxMA4SONgR8wL4JeeX8PQ==,game 3,uk,23,2022-12-01,2022-12-01,7,1,1,2,32.37,Active,
k+mv8oxK5y+607GU9LGO+A==,game 3,uk,17,2022-10-01,2022-11-01,39,2,2,3,82.41,Churned,
Krr8Kwf65LaX8LctHRsFWg==,game 3,ru,16,2022-10-01,2022-12-01,87,3,3,8,185.64,Active,
l3sFUsG2qpcnrEzwRnjvtQ==,game 3,ru,15,2022-03-01,2022-04-01,58,2,2,5,97.83,Churned,
L3waZ4UDUTOCMfVcL29lGQ==,game 3,en,29,2022-12-01,2022-12-01,16,1,1,2,45.06,Active,
L8+KU8u6xftnkFVO501X7w==,game 3,uk,30,2022-07-01,2022-08-01,38,2,2,2,28.59,Churned,
lCD23Awt3KotauWenCRr5w==,game 3,uk,20,2022-04-01,2022-07-01,72,4,3,6,161.67,Churned,Returned
lGI5+OCzV6nnDMpyZWtZAg==,game 3,ru,18,2022-05-01,2022-05-01,1,1,1,1,17.25,Churned,
lHTzlMgVj6HJZc31yCCDng==,game 3,uk,19,2022-10-01,2022-11-01,19,2,2,3,61.02,Churned,
lJW2nxFOiXDfsmSrwGsFQw==,game 3,uk,20,2022-08-01,2022-12-01,136,5,4,10,190.68,Active,Returned
LO9NuZYI6zP2HXEBAS4wpw==,game 3,uk,23,2022-09-01,2022-12-01,113,4,4,8,141.45,Active,
lP6BWSFF4OZeWp0jrAHY9g==,game 3,uk,29,2022-05-01,2022-12-01,223,8,3,5,78.96,Active,Returned
LuDHi0aoGmgpUtTGreh0fQ==,game 3,uk,22,2022-12-01,2022-12-01,1,1,1,1,12.09,Active,
Lug+Yg90jslWgHEN6dc+Ng==,game 3,uk,21,2022-04-01,2022-12-01,264,9,6,16,298.92,Active,Returned
L+wA3BIaEKSpxf2uqmtJxQ==,game 3,uk,25,2022-11-01,2022-12-01,49,2,2,6,105.57,Active,
LWAxWBdiFs/25YxI4ZGthA==,game 3,ru,17,2022-05-01,2022-06-01,48,2,2,5,105.00,Churned,
lx3SsUV7NOrv93tCexVp5A==,game 3,uk,16,2022-07-01,2022-12-01,131,6,5,6,123.33,Active,Returned
m7Hk77dySHBbxrKgro1Hjg==,game 3,uk,30,2022-07-01,2022-11-01,126,5,3,3,55.50,Churned,Returned
MAkig8NeMsTs73r6K0uDpA==,game 3,uk,20,2022-09-01,2022-12-01,92,4,4,6,126.54,Active,
mcbWtEz8ADI9GXCi1lfaSA==,game 3,uk,17,2022-08-01,2022-08-01,1,1,1,1,16.05,Churned,
mEqQ5vHXzsdrqHAQT3zs+g==,game 3,uk,25,2022-11-01,2022-12-01,42,2,2,2,27.42,Active,
mEtO8F+CRPGmaJ8SHa7BbA==,game 3,uk,32,2022-08-01,2022-11-01,86,4,4,6,107.13,Churned,
MJrNeNCAIVBe/OSRGhrelw==,game 3,uk,21,2022-10-01,2022-10-01,12,1,1,5,69.78,Churned,
MjzYQ3OFStqCMS3HzrxA2g==,game 3,ru,27,2022-09-01,2022-12-01,91,4,3,3,49.50,Active,Returned
mq7MyR1XHK5rM4mgtKjsgg==,game 3,uk,40,2022-10-01,2022-10-01,1,1,1,1,12.51,Churned,
MRcEXu/KG95hsIyJM/816A==,game 3,uk,32,2022-05-01,2022-11-01,193,7,7,11,186.93,Churned,
mRT725ZK68AhE3Sk9xH5cw==,game 3,ru,29,2022-10-01,2022-12-01,86,3,3,5,111.24,Active,
MSxDpyVU8A+9Wgmnb8b1IQ==,game 3,uk,14,2022-08-01,2022-12-01,146,5,5,9,224.85,Active,
mTha7D/MRe45dQaUAEKV3g==,game 3,uk,42,2022-08-01,2022-08-01,1,1,1,1,14.73,Churned,
mXihLMwkG8RgO1jsFnJXnA==,game 3,uk,32,2022-08-01,2022-09-01,22,2,2,3,39.06,Churned,
mY631USB1Y3/I1dHNhoEyA==,game 3,uk,22,2022-11-01,2022-12-01,37,2,2,3,51.66,Active,
mzGpnrpyuOB+qfwTJ0XliQ==,game 3,ru,16,2022-10-01,2022-12-01,50,3,3,6,146.01,Active,
n8oSWohH4Vi8muIgqbRC+Q==,game 3,uk,14,2022-12-01,2022-12-01,1,1,1,1,26.7,Active,
NBaV27MmzBu99zAeNFSjUA==,game 3,uk,26,2022-11-01,2022-12-01,6,2,2,2,25.98,Active,
nfIwLLLuemHymdg1HYidrA==,game 3,uk,19,2022-10-01,2022-12-01,68,3,3,7,151.20,Active,
ngOdQ8biXsraLxTHS862fw==,game 3,ru,25,2022-07-01,2022-07-01,1,1,1,1,13.92,Churned,
ni2+3lFt9yVqbt5Vtc8BMQ==,game 3,uk,18,2022-07-01,2022-07-01,1,1,1,1,17.76,Churned,
njexPkl3G77JLZwwcq2UVA==,game 3,uk,28,2022-11-01,2022-12-01,31,2,2,3,46.11,Active,
nklUUkirU5GYU5ZtNOgx8w==,game 3,ru,20,2022-04-01,2022-11-01,226,8,5,10,164.22,Churned,Returned
NMmQVq8bB84KydONJjvTfQ==,game 3,uk,18,2022-03-01,2022-03-01,1,1,1,1,15.33,Churned,
NntDesROB4ANrudTCXEScA==,game 3,ru,37,2022-07-01,2022-11-01,128,5,3,6,114.54,Churned,Returned
nNZDz4XCOjUv0OfYF+AAGg==,game 3,uk,25,2022-09-01,2022-12-01,115,4,3,6,124.41,Active,Returned
Np8MbaAllrt9d2F+g1ZvJQ==,game 3,uk,22,2022-09-01,2022-12-01,111,4,4,14,354.63,Active,
nPrRQwP3UZo2KBlM2mJ8fg==,game 3,uk,24,2022-04-01,2022-12-01,270,9,9,20,483.72,Active,
nS8ODZHVyaod50PqOekmOw==,game 3,ru,44,2022-10-01,2022-10-01,1,1,1,1,12.6,Churned,
o55dseByUOl9s5IQCz1kuQ==,game 3,uk,22,2022-03-01,2022-08-01,153,6,6,10,170.19,Churned,
O6owe/pXDy1Bk5nfxuCZyw==,game 3,ru,20,2022-08-01,2022-08-01,9,1,1,2,39.30,Churned,
OAAGTJfPU2ECPJT1KYm2ZQ==,game 3,uk,22,2022-09-01,2022-12-01,101,4,4,8,200.73,Active,
ojVPXYZw2oeGtcmG7LcLGA==,game 3,en,20,2022-04-01,2022-09-01,171,6,6,12,345.33,Churned,
oKLGTNuEKW70rLmudZaTGQ==,game 3,uk,18,2022-12-01,2022-12-01,22,1,1,2,32.25,Active,
omF221BxDxXFh233yUEVeQ==,game 3,uk,27,2022-12-01,2022-12-01,1,1,1,1,22.8,Active,
oQQmPjqm7DR+exPmp6xDhg==,game 3,uk,30,2022-07-01,2022-12-01,144,6,4,4,52.68,Active,Returned
orbgZNBGuhZZx63HTAbyIw==,game 3,uk,25,2022-04-01,2022-10-01,198,7,7,27,636.42,Churned,
ORSvkhCut21rsk0cVtJfJA==,game 3,uk,21,2022-09-01,2022-12-01,95,4,4,10,285.39,Active,
+osJakLn8jv4bzFmPieelw==,game 3,uk,30,2022-08-01,2022-12-01,100,5,5,8,122.04,Active,
OtAfKAtIU2D/ISKleQ64ug==,game 3,uk,38,2022-07-01,2022-07-01,1,1,1,1,14.55,Churned,
OU1FxSli7e6szUGr2+7M9A==,game 3,uk,25,2022-12-01,2022-12-01,26,1,1,4,75.39,Active,
OwODWxXcsV4bBnhONiLkwg==,game 3,uk,25,2022-04-01,2022-04-01,1,1,1,1,14.37,Churned,
Ox0UcaMHdCuTLe5/JQrJMQ==,game 3,ru,18,2022-06-01,2022-10-01,98,5,4,7,125.55,Churned,Returned
OYDRFRAiT1uYAqbWXOwRfw==,game 3,en,24,2022-12-01,2022-12-01,4,1,1,3,82.14,Active,
p0Ysy5XSVvKlZbKqzjyJgQ==,game 3,uk,25,2022-07-01,2022-12-01,156,6,4,7,134.91,Active,Returned
pA81NE5UM892xwiOsE375g==,game 3,uk,19,2022-12-01,2022-12-01,1,1,1,1,27.84,Active,
pLOCMIX+imLIzoDehgdOPA==,game 3,uk,22,2022-05-01,2022-12-01,215,8,8,29,665.34,Active,
prNQwR2IPPsvGpFgOpcGaQ==,game 3,uk,14,2022-03-01,2022-10-01,200,8,4,10,212.94,Churned,Returned
psERjQAamFwr88Zadc4wcQ==,game 3,ru,22,2022-07-01,2022-07-01,1,1,1,1,13.08,Churned,
PWvj9YoQTtX9FGLgG1CWJQ==,game 3,uk,16,2022-08-01,2022-08-01,1,1,1,1,18.69,Churned,
PydH3c1l9bUvwz7hsiaBOg==,game 3,uk,17,2022-08-01,2022-09-01,28,2,2,3,87.72,Churned,
pz7LUOs9i7xgncmHVxQvOw==,game 3,ru,24,2022-03-01,2022-08-01,155,6,6,10,274.56,Churned,
PzG6g7FMYUPp0RMvXhfesQ==,game 3,uk,34,2022-09-01,2022-12-01,112,4,4,5,85.32,Active,
Q0GNgLhqfwwVwtvQhJt58A==,game 3,ru,24,2022-11-01,2022-12-01,45,2,2,3,77.82,Active,
Q6BQCpZ1b6I15evvHZ6xYA==,game 3,uk,17,2022-10-01,2022-12-01,76,3,3,5,117.81,Active,
q8UcdT1sZCl07AqhDVz5ZA==,game 3,uk,15,2022-08-01,2022-12-01,137,5,4,12,275.58,Active,Returned
qEF/fPDQLJPXIx6RiSIP1A==,game 3,uk,20,2022-05-01,2022-12-01,203,8,8,17,334.05,Active,
qmZRB16NnnCdNHWUcSyVDQ==,game 3,ru,37,2022-06-01,2022-12-01,197,7,6,14,268.71,Active,Returned
qn61TOwEB0RbKsB+v0D9tw==,game 3,ru,16,2022-12-01,2022-12-01,1,1,1,1,17.07,Active,
QoHEss2e+b385deeX2p39Q==,game 3,ru,22,2022-06-01,2022-10-01,123,5,5,11,284.49,Churned,
qqYyR2vRI+7pgiuyTnVM+A==,game 3,ru,19,2022-05-01,2022-09-01,132,5,5,9,196.26,Churned,
q/Tz1C31XWaBUDrRn2ezDw==,game 3,uk,21,2022-05-01,2022-07-01,79,3,3,7,137.01,Churned,
q+yzIb2a/avnS9k89SDQVw==,game 3,uk,19,2022-08-01,2022-12-01,125,5,4,6,105.81,Active,Returned
QZBiEFECZAgVl5IkN9/cFw==,game 3,en,16,2022-05-01,2022-10-01,176,6,6,39,888.06,Churned,
R6aBG9TzvghZNNmGufy5NQ==,game 3,ru,33,2022-08-01,2022-08-01,1,1,1,1,12.36,Churned,
r9AjQVS2nstu5lpVmDlihA==,game 3,ru,22,2022-06-01,2022-12-01,199,7,5,14,306.81,Active,Returned
Re0WtVSaiuBn90MFtMRCww==,game 3,uk,14,2022-12-01,2022-12-01,18,1,1,3,74.13,Active,
RiIlY436bXNX8MIW9vUaAQ==,game 3,uk,18,2022-08-01,2022-12-01,128,5,4,10,176.64,Active,Returned
rJEGPACDdmHAmCCp5+QRRw==,game 3,uk,20,2022-11-01,2022-12-01,26,2,2,4,84.12,Active,
RoTHCVmIeMQXudXxn3ykNw==,game 3,uk,21,2022-08-01,2022-10-01,55,3,3,5,112.02,Churned,
RQBsCvxlogTNUidSygqgcQ==,game 3,uk,28,2022-05-01,2022-11-01,207,7,6,12,201.60,Churned,Returned
RsmjZqhi61Kd7U5ihaXhDw==,game 3,uk,30,2022-06-01,2022-12-01,192,7,4,7,119.19,Active,Returned
RUjQVs2C+H0ejG0h7x1f5A==,game 3,uk,22,2022-08-01,2022-08-01,17,1,1,3,59.88,Churned,
rw8yxS9+t5PvgINa7EhMvQ==,game 3,uk,18,2022-06-01,2022-12-01,192,7,5,20,331.29,Active,Returned
RwtKwrRSrVpyAMRaDyhr8g==,game 3,uk,44,2022-05-01,2022-12-01,201,8,5,8,159.63,Active,Returned
S0TSw0AJ4KdmgXzAzX0p5Q==,game 3,uk,23,2022-10-01,2022-12-01,54,3,2,3,53.70,Active,Returned
s27V1tbCAysovKSY1XcdWQ==,game 3,uk,34,2022-03-01,2022-07-01,98,5,4,5,88.14,Churned,Returned
S+4OKFlwA3L8VcjOt8TurA==,game 3,uk,29,2022-05-01,2022-07-01,40,3,3,3,64.38,Churned,
sCKPcG1GIuOo593nRuu1Cw==,game 3,uk,25,2022-06-01,2022-12-01,210,7,3,11,257.28,Active,Returned
ShEJVi+TtuQlvdw2uetd/Q==,game 3,uk,22,2022-04-01,2022-06-01,63,3,3,7,191.97,Churned,
sQqTFx1o31w2foAIr2LKNw==,game 3,uk,32,2022-08-01,2022-12-01,135,5,4,6,116.01,Active,Returned
sthXYk64G/Zkc+7xA3xUbw==,game 2,uk,21,2022-10-01,2022-10-01,15,1,1,2,47.46,Churned,
SwiAKdzn0b+A4XegM5x0Hw==,game 3,uk,16,2022-08-01,2022-12-01,125,5,5,10,215.01,Active,
Sx/MqN31Cxf6tOSLIiDtLg==,game 2,uk,19,2022-07-01,2022-07-01,3,1,1,2,26.79,Churned,
SyWxmJ+Ha8K2C9UJt8blVA==,game 3,ru,25,2022-03-01,2022-11-01,267,9,6,10,232.74,Churned,Returned
TamEW7rhOwxDSDgAWZHDnQ==,game 3,uk,23,2022-10-01,2022-12-01,48,3,3,4,77.28,Active,
tBFTAZra3r5TkHhDubnYyg==,game 3,uk,19,2022-10-01,2022-12-01,70,3,3,7,148.68,Active,
to3TWHIKMGoINAlfTdWn+w==,game 3,uk,28,2022-06-01,2022-08-01,60,3,3,4,71.13,Churned,
TQKB6Cvy+PDZswNNa6Y8Yw==,game 1,uk,20,2022-12-01,2022-12-01,1,1,1,1,13.14,Active,
T+RA0/fgzbUBLF89D4AEDA==,game 3,ru,23,2022-03-01,2022-09-01,200,7,5,9,177.33,Churned,Returned
tUlbh1G7KYRxmBaQk4RPIw==,game 3,uk,34,2022-08-01,2022-09-01,18,2,2,3,47.61,Churned,
TVMqvnxKnEuD9k1v8+cI1g==,game 3,uk,28,2022-11-01,2022-11-01,1,1,1,1,17.04,Churned,
TWDA+aUZ8OPMHOtz5cPPXA==,game 3,ru,20,2022-04-01,2022-11-01,212,8,5,7,132.45,Churned,Returned
UdsILd3VPsla6C2r+wytbA==,game 3,uk,31,2022-11-01,2022-12-01,51,2,2,6,89.31,Active,
Uen3Ap0lnrgWVWJtFCSo7g==,game 3,ru,17,2022-03-01,2022-10-01,229,8,6,9,199.95,Churned,Returned
UFVjte0RzYKTngAiVvjqPQ==,game 3,uk,17,2022-08-01,2022-12-01,118,5,5,7,110.70,Active,
UIYPIs8zzm4uX6+FZvTqNw==,game 3,ru,19,2022-10-01,2022-10-01,1,1,1,1,14.4,Churned,
UNcp1RmIObUiGNqLDHjNVw==,game 3,uk,16,2022-05-01,2022-12-01,218,8,5,10,231.54,Active,Returned
unoAVprNoepzjDQwQzWj6A==,game 3,uk,15,2022-10-01,2022-12-01,65,3,2,4,92.34,Active,Returned
URpBYMANMt6h5bDmQtNfwg==,game 3,uk,17,2022-11-01,2022-12-01,46,2,2,8,224.49,Active,
urYfKANRgMuaQO9lQnBgnQ==,game 3,uk,31,2022-05-01,2022-07-01,49,3,3,3,48.27,Churned,
+uszcWROLhovU7doCmFOiQ==,game 2,uk,18,2022-08-01,2022-10-01,57,3,2,3,59.22,Churned,Returned
UuQtA3rK0dpF7TttUoIAyg==,game 3,uk,19,2022-10-01,2022-11-01,29,2,2,4,80.97,Churned,
ux4Q9iTbOyaU1c/0SKvF7w==,game 3,uk,26,2022-10-01,2022-12-01,85,3,3,6,137.43,Active,
UYHkNfMIVuVaH82KijZH3Q==,game 3,uk,19,2022-12-01,2022-12-01,21,1,1,4,57.06,Active,
V1hFT6jms7MK4yi6EFdt6A==,game 3,uk,18,2022-09-01,2022-12-01,80,4,4,7,113.79,Active,
V7J42heW8l19wiBJ8UpRyw==,game 3,ru,25,2022-03-01,2022-12-01,275,10,10,22,545.46,Active,
v9uJC6CIm0KR00+LpWQUBg==,game 3,uk,18,2022-06-01,2022-12-01,182,7,6,16,337.71,Active,Returned
va4krMfpHwzELV/AUI7WHQ==,game 3,uk,20,2022-08-01,2022-12-01,95,5,4,8,145.44,Active,Returned
VAduzk1Og0uicXfMLD3VbQ==,game 3,uk,25,2022-08-01,2022-12-01,126,5,4,14,266.07,Active,Returned
Veep00i4vvZbTAVD6GMoiA==,game 3,uk,38,2022-03-01,2022-11-01,233,9,8,21,389.67,Churned,Returned
VGEh7S+cxW9PT7H8KNgEGQ==,game 3,uk,24,2022-08-01,2022-12-01,130,5,5,43,948.75,Active,
Vn7Z6/B2x4f/w8R6xVfw5w==,game 3,uk,18,2022-07-01,2022-12-01,160,6,5,13,274.02,Active,Returned
VsqfOK9/JhBXzScG5Ybudg==,game 3,uk,35,2022-11-01,2022-11-01,1,1,1,1,15.66,Churned,
VTaIkhD9hJKcnvA6Kw5p9g==,game 3,ru,25,2022-09-01,2022-12-01,98,4,4,11,307.80,Active,
Vtl1tAkN8ajIRaOwKulKyQ==,game 3,uk,25,2022-10-01,2022-12-01,54,3,3,5,120.48,Active,
VzxrkGURuahRUx/43mjAFQ==,game 3,uk,37,2022-07-01,2022-10-01,92,4,3,4,68.97,Churned,Returned
W6fRYNhsTNHQkvkoFEUaVQ==,game 3,uk,16,2022-03-01,2022-12-01,286,10,8,22,472.20,Active,Returned
WAdVK2sJHdBL0bCFyVa0ww==,game 3,uk,14,2022-04-01,2022-04-01,1,1,1,1,24.09,Churned,
wA+Rd++M6EKUppqQeb+pTw==,game 3,uk,20,2022-08-01,2022-12-01,144,5,5,6,101.31,Active,
WDsSR+yQGqoMMBfCxqkZlw==,game 3,uk,24,2022-05-01,2022-11-01,191,7,5,16,360.51,Churned,Returned
wDXJbTe2RLmAMKsPm5zZDg==,game 3,ru,17,2022-05-01,2022-10-01,171,6,6,24,582.00,Churned,
WHwqHTWZHdOrSBFh/vackQ==,game 3,uk,18,2022-09-01,2022-10-01,37,2,2,4,80.04,Churned,
Wi8qtp9drPDZD0laCPi2Ng==,game 3,uk,26,2022-05-01,2022-12-01,217,8,4,4,66.81,Active,Returned
wjWDL/+l9D+LVt/9gNMH5Q==,game 3,ru,20,2022-05-01,2022-11-01,174,7,6,14,258.27,Churned,Returned
WMcncRFNp4e91e/Y3CwEvQ==,game 3,uk,23,2022-07-01,2022-12-01,154,6,6,10,205.50,Active,
wRHnn4opzbqIBjFFNpBJtw==,game 3,uk,29,2022-07-01,2022-11-01,117,5,3,4,57.06,Churned,Returned
WRx4ye0bvLc4925ketwxzQ==,game 3,uk,14,2022-10-01,2022-12-01,60,3,3,7,146.85,Active,
WSQTlRZJRg4Rb+rqe56nJg==,game 3,uk,26,2022-06-01,2022-12-01,170,7,7,11,169.05,Active,
Wua5DlzLb2yNeSrcG9Xi3g==,game 3,uk,23,2022-04-01,2022-10-01,201,7,4,9,172.53,Churned,Returned
XD0CalOV926o6zGoOAKfVA==,game 3,uk,14,2022-10-01,2022-10-01,1,1,1,1,12.75,Churned,
XE2e8BsmBo72HxABlJmsRw==,game 3,uk,20,2022-03-01,2022-03-01,3,1,1,2,38.16,Churned,
xiXTXOEbWU+HnGOUmgc9/w==,game 3,uk,20,2022-03-01,2022-08-01,133,6,6,14,271.59,Churned,
xnLJlU804PSS9tXKmm7gZQ==,game 3,ru,21,2022-04-01,2022-12-01,243,9,9,21,353.61,Active,
+XPKfmhBmI2NdGQ96Iaysg==,game 3,uk,38,2022-07-01,2022-12-01,181,6,5,8,134.22,Active,Returned
XqdSNtx2TLDI6FMex45KTw==,game 3,uk,33,2022-09-01,2022-10-01,51,2,2,2,35.67,Churned,
xSi5UajdkNHXppWOTm6g8w==,game 3,uk,20,2022-07-01,2022-12-01,170,6,6,21,522.09,Active,
xt/PY4N2zkZQgtlZ9Cg82w==,game 3,ru,24,2022-06-01,2022-12-01,200,7,6,15,382.65,Active,Returned
xU11jJIA4UIYu7pmqJ4kvg==,game 3,uk,25,2022-07-01,2022-12-01,133,6,4,4,106.17,Active,Returned
xVwGwMaEG1yZydv5VIfEQA==,game 3,uk,22,2022-05-01,2022-12-01,208,8,7,12,246.75,Active,Returned
xxq2c4woAI3bLul1xOzwtQ==,game 3,uk,23,2022-12-01,2022-12-01,1,1,1,1,17.49,Active,
xZMY1f3dijkAd2lWkkI4Ow==,game 3,uk,21,2022-12-01,2022-12-01,1,1,1,1,24.69,Active,
YC2fZQTQXV2UR1/WHDrVqw==,game 3,uk,14,2022-10-01,2022-12-01,61,3,3,11,219.18,Active,
yFNWN0sYyxkSJ+yLRq1WqA==,game 3,uk,16,2022-09-01,2022-12-01,112,4,4,16,376.26,Active,
yH7KH2AG/PGgQiNV7uTTGg==,game 3,ru,19,2022-08-01,2022-10-01,85,3,2,4,69.57,Churned,Returned
Yh9mYycPmc8CH9Rbjhu3ZQ==,game 3,uk,28,2022-07-01,2022-09-01,80,3,3,6,90.15,Churned,
ymEApWLjh3I9oLJnWIBHFA==,game 3,uk,19,2022-09-01,2022-12-01,93,4,3,3,75.06,Active,Returned
Y/nf8iBu/UCaNAuIRRjVwA==,game 3,uk,15,2022-03-01,2022-10-01,221,8,8,12,263.34,Churned,
ytNOQh7e6qNGQNC0T3RBxw==,game 3,ru,26,2022-07-01,2022-12-01,167,6,5,9,179.34,Active,Returned
yZ1P1v1eYIbyD5wRy0chGw==,game 3,uk,33,2022-09-01,2022-11-01,50,3,3,4,63.33,Churned,
Z7/6qvk8WKH3uR6IMYlCxw==,game 3,uk,30,2022-05-01,2022-11-01,185,7,5,7,100.44,Churned,Returned
ZeMBdi9hmR0vUv+lyZiypQ==,game 3,uk,22,2022-03-01,2022-03-01,2,1,1,2,25.41,Churned,
zeu++qOqokuGcT0ghN97bQ==,game 3,ru,34,2022-08-01,2022-10-01,61,3,2,5,91.14,Churned,Returned
ZgTMXDOYCQOiAw4VI8H7AA==,game 3,uk,25,2022-06-01,2022-12-01,177,7,6,11,237.99,Active,Returned
ZmjMhgyYl6o8iFq964FEWg==,game 3,ru,17,2022-03-01,2022-12-01,264,10,9,21,433.83,Active,Returned
ZmnZeh2zth0OyQaAzd6eTA==,game 3,uk,41,2022-08-01,2022-08-01,1,1,1,1,13.74,Churned,
zmZPan/KZoyrIR2r/SvLdA==,game 3,ru,15,2022-05-01,2022-12-01,235,8,7,25,590.07,Active,Returned
zPcHw1fZkSGh7nJeVe2QYw==,game 3,ru,14,2022-11-01,2022-12-01,38,2,2,3,71.82,Active,
zSepnWFgLH0tQb1s4mxKZQ==,game 3,uk,24,2022-03-01,2022-12-01,278,10,10,17,335.01,Active,
ztW05pPmN1YloSEDlJoJ3g==,game 3,uk,20,2022-12-01,2022-12-01,6,1,1,2,32.94,Active,
ZU1vF9G4TjB+iEZ001MU3g==,game 3,ru,29,2022-06-01,2022-12-01,182,7,5,5,91.32,Active,Returned
ZxxZ87IcpgSh4lQ/VSIjnA==,game 3,uk,22,2022-04-01,2022-12-01,248,9,6,16,338.40,Active,Returned
